Name,biomass_colorchecker,biomass_spikelet,biomass_wheat
3,0.0922291166552354,0.0349516572579473,0.0974431845690548
1,0.0915490504972565,0.0570527453017466,0.1568110651000131
5,0.0791523452113729,0.0977873187499685,0.1015142843235821
1_#3,0.0915490504972565,0.0570527453017466,0.1568110651000131
