Name,Biomass
3,0.0349516572579473
1,0.0570527453017466
5,0.0977873187499685
1_#3,0.0570527453017466
